Workbook

Sheet 说明 (ReadMe)
A1: 微流控 NAPL 驱替实验数据记录模板
A3: 使用说明
A4: 1. 每次实验填入一行数据。Q, mu_w, mu_o, sigma 和 S_nr 为必填核心参数。
A5: 2. Ca, log10(Ca) 和黏度比 M 由内置公式自动计算（绿色底色列），无需手动填写。
A6: 3. 结构类型（B列）和流型描述（O列）使用下拉菜单选择，防止输入错误。
A7: 4. S_nr 列自动应用红-黄-绿色阶条件格式，一目了然。
A8: 5. 请在"分析图表"工作表中使用透视图功能进行数据可视化。
A10: 公式说明
A11: F列 名义毛细数 Ca_nom = mu_w * Q / (sigma * W_domain * H) * k，其中 W_domain 和 H 为整体流动域尺度，参数位于"列表与参数"表 E8:E9
A12: G列 log10(Ca_nom) = LOG10(F列) -- 名义毛细数的对数，用于跨工况比较
A13: J列 黏度比 M = H列(mu_w) / I列(mu_o) -- 驱替相与被驱相的黏度比
A14: 参考文献
... A24: 实验台 -> 图像采集 -> MATLAB/Python 脚本提取 S_nr/num_clusters/avg_area -> 填入本表 -> 公式自动算 log10(Ca_nom) & M -> 切到图表页刷新 -> 截图汇报

Sheet 列表与参数 (Lists)
A1: 结构类型 | B1: 流型描述 | D1: 常用界面张力参考 | E1: 数值 (mN/m)
A2: 均匀 | B2: 稳定前锋 | D2: 纯水-空气 | E2: 72
A3: 异质性 | B3: 毛细指进(CF) | D3: 水-正十二烷 (n-Dodecane) | E3: 52.8
A4: 双孔径 | B4: 黏性指进(VF) | D4: 水-溴代十二烷 (1-Bromododecane) | E4: 40.5
B5: 枝状蔓延 | D5: 水-溴代辛烷 (1-Bromooctane) | E5: 38.2
D6: 加SDS水-油 (典型) | E6: 5
D7: 芯片参数
D8: 流动域宽度 W_domain (um) | E8: 5900
D9: 流动域高度 H (um) | E9: 20
D10: 单位换算系数 k | E10: =1000/60 -> 16.666667
D11: Ca_nom = mu_w*Q / (sigma*W_domain*H) * k
A13: 流体物性参考 Fluid Properties (25°C)
A14: 属性 Property | B14: 正十二烷 n-Dodecane | C14: 溴代十二烷 1-Bromododecane | D14: 溴代辛烷 1-Bromooctane | E14: 单位 Unit
A15: 分子式 | B15: C12H26 | C15: C12H25Br | D15: C8H17Br
A16: 分子量 MW | B16: 170.34 | C16: 249.23 | D16: 193.13 | E16: g/mol
A17: CAS号 | B17: 112-40-3 | C17: 143-15-7 | D17: 111-83-1
A18: 密度 Density (20°C) | B18: 0.749 | C18: 1.038 | D18: 1.117 | E18: g/cm3
A19: 动力粘度 (20-25°C) | B19: 1.34 | C19: 3.7 | D19: 1.4 | E19: mPa·s
A20: 水界面张力 IFT | B20: 52.8 | C20: 40.5 | D20: 38.2 | E20: mN/m
A21: 水溶解度 (25°C) | B21: <0.001 | C21: <0.001 | D21: 0.004 | E21: g/100g
A22: 水中扩散系数 D (25°C) | B22: 4.8e-10 | C22: 3.8e-10 | D22: 5.2e-10 | E22: m2/s
A23: 沸点 BP | B23: 216-218 | C23: 260 (decomp) | D23: 199-201 | E23: deg C
A24: 蒸气压 VP (20°C) | B24: 0.034 | C24: 0.004 | D24: 0.133 | E24: kPa
A25: 表面张力 (20°C) | B25: 25.35 | C25: 29.2 | D25: 27.8 | E25: mN/m
A26: 闪点 FP | B26: 71 | C26: 110 | D26: 62 | E26: deg C
A27: 折射率 nD (20°C) | B27: 1.421 | C27: 1.458 | D27: 1.45
A28: 与水分层位置 | B28: 上层 (rho<水) | C28: 下层 (rho>水) | D28: 下层 (rho>水)
A29: 毒性等级 NFPA | B29: 1 (低毒) | C29: 1 (低毒) | D29: 2 (中度)
A30: 安全提示 | B30: 易燃, 通风 | C30: 低挥发, 手套 | D30: 高挥发, 通风橱
A32: 数据来源: CRC Handbook, NIST WebBook, Sigma-Aldrich MSDS

Sheet 数据记录 (Data Record)
A1: 实验编号 (Run ID) | B1: 结构类型 | C1: 接触角 theta (deg) | D1: 界面张力 sigma (mN/m) | E1: 流量 Q (uL/min) | F1: 名义毛细数 Ca_nom (-) [auto] | G1: log10(Ca_nom) (-) [auto] | H1: 驱替相黏度 mu_w (mPa s) | I1: 被驱相黏度 mu_o (mPa s) | J1: 黏度比 M (-) | K1: 残油饱和度 S_nr (%) | L1: 有效渗透率 k_eff (-) | M1: 油团块数量 (个) | N1: 平均团块面积 (um2) | O1: 流型描述 | P1: 备注说明
A2: Test1-1 | B2: 异质性 | D2: 40.5 | E2: 2 | F2: =IFERROR((H2*E2) / (D2*'列表与参数 (Lists)'!$E$8*'列表与参数 (Lists)'!$E$9) * '列表与参数 (Lists)'!$E$10,"") -> 6.9749599e-06 | G2: =IFERROR(LOG10(F2),"") -> -5.1564583 | H2: 1 | I2: 3.7 | J2: =IFERROR(H2/I2,"") -> 0.27027027 | O2: 毛细指进(CF) | P2: 溴代十二烷, 水驱
A3: Test1-2 | B3: 异质性 | D3: 40.5 | E3: 4 | F3: =IFERROR((H3*E3) / (D3*'列表与参数 (Lists)'!$E$8*'列表与参数 (Lists)'!$E$9) * '列表与参数 (Lists)'!$E$10,"") -> 1.394992e-05 | G3: =IFERROR(LOG10(F3),"") -> -4.8554283 | H3: 1 | I3: 3.7 | J3: =IFERROR(H3/I3,"") -> 0.27027027 | O3: 稳定前锋 | P3: 溴代十二烷, 水驱
A4: Test1-3 | B4: 异质性 | D4: 40.5 | E4: 6 | F4: =IFERROR((H4*E4) / (D4*'列表与参数 (Lists)'!$E$8*'列表与参数 (Lists)'!$E$9) * '列表与参数 (Lists)'!$E$10,"") -> 2.092488e-05 | G4: =IFERROR(LOG10(F4),"") -> -4.679337 | H4: 1 | I4: 3.7 | J4: =IFERROR(H4/I4,"") -> 0.27027027 | O4: 稳定前锋 | P4: 溴代十二烷, 水驱
A5: Test2-1 | B5: 异质性 | D5: 52.8 | E5: 2 | F5: =IFERROR((H5*E5) / (D5*'列表与参数 (Lists)'!$E$8*'列表与参数 (Lists)'!$E$9) * '列表与参数 (Lists)'!$E$10,"") -> 5.3501113e-06 | G5: =IFERROR(LOG10(F5),"") -> -5.2716372 | H5: 1 | I5: 1.34 | J5: =IFERROR(H5/I5,"") -> 0.74626866 | O5: 毛细指进(CF) | P5: 正十二烷, 水驱
A6: Test2-2 | B6: 异质性 | D6: 52.8 | E6: 4 | F6: =IFERROR((H6*E6) / (D6*'列表与参数 (Lists)'!$E$8*'列表与参数 (Lists)'!$E$9) * '列表与参数 (Lists)'!$E$10,"") -> 1.0700223e-05 | G6: =IFERROR(LOG10(F6),"") -> -4.9706072 | H6: 1 | I6: 1.34 | J6: =IFERROR(H6/I6,"") -> 0.74626866 | O6: 稳定前锋 | P6: 溴代十二烷, 水驱
A7: Test2-3 | B7: 异质性 | D7: 52.8 | E7: 6 | F7: =IFERROR((H7*E7) / (D7*'列表与参数 (Lists)'!$E$8*'列表与参数 (Lists)'!$E$9) * '列表与参数 (Lists)'!$E$10,"") -> 1.6050334e-05 | G7: =IFERROR(LOG10(F7),"") -> -4.7945159 | H7: 1 | I7: 1.34 | J7: =IFERROR(H7/I7,"") -> 0.74626866 | O7: 稳定前锋 | P7: 溴代十二烷, 水驱
A8: Test3-1 | B8: 异质性 | D8: 38.2 | E8: 2 | F8: =IFERROR((H8*E8) / (D8*'列表与参数 (Lists)'!$E$8*'列表与参数 (Lists)'!$E$9) * '列表与参数 (Lists)'!$E$10,"") -> 7.3949182e-06 | G8: =IFERROR(LOG10(F8),"") -> -5.1310666 | H8: 1 | I8: 1.4 | J8: =IFERROR(H8/I8,"") -> 0.71428571 | O8: 稳定前锋 | P8: 溴代十二烷, 水驱
A9: Test3-2 | B9: 异质性 | D9: 38.2 | E9: 4 | F9: =IFERROR((H9*E9) / (D9*'列表与参数 (Lists)'!$E$8*'列表与参数 (Lists)'!$E$9) * '列表与参数 (Lists)'!$E$10,"") -> 1.4789836e-05 | G9: =IFERROR(LOG10(F9),"") -> -4.8300366 | H9: 1 | I9: 1.4 | J9: =IFERROR(H9/I9,"") -> 0.71428571 | O9: 稳定前锋 | P9: 溴代十二烷, 水驱
A10: Test3-3 | B10: 异质性 | D10: 38.2 | E10: 6 | F10: =IFERROR((H10*E10) / (D10*'列表与参数 (Lists)'!$E$8*'列表与参数 (Lists)'!$E$9) * '列表与参数 (Lists)'!$E$10,"") -> 2.2184755e-05 | G10: =IFERROR(LOG10(F10),"") -> -4.6539454 | H10: 1 | I10: 1.4 | J10: =IFERROR(H10/I10,"") -> 0.71428571 | O10: 黏性指进(VF) | P10: 溴代辛烷, 水驱
F11: =IFERROR((H11*E11) / (D11*'列表与参数 (Lists)'!$E$8*'列表与参数 (Lists)'!$E$9) * '列表与参数 (Lists)'!$E$10,"") | G11: =IFERROR(LOG10(F11),"") | J11: =IFERROR(H11/I11,"")
F12: =IFERROR((H12*E12) / (D12*'列表与参数 (Lists)'!$E$8*'列表与参数 (Lists)'!$E$9) * '列表与参数 (Lists)'!$E$10,"") | G12: =IFERROR(LOG10(F12),"") | J12: =IFERROR(H12/I12,"")
F13: =IFERROR((H13*E13) / (D13*'列表与参数 (Lists)'!$E$8*'列表与参数 (Lists)'!$E$9) * '列表与参数 (Lists)'!$E$10,"") | G13: =IFERROR(LOG10(F13),"") | J13: =IFERROR(H13/I13,"")
F14: =IFERROR((H14*E14) / (D14*'列表与参数 (Lists)'!$E$8*'列表与参数 (Lists)'!$E$9) * '列表与参数 (Lists)'!$E$10,"") | G14: =IFERROR(LOG10(F14),"") | J14: =IFERROR(H14/I14,"")
F15: =IFERROR((H15*E15) / (D15*'列表与参数 (Lists)'!$E$8*'列表与参数 (Lists)'!$E$9) * '列表与参数 (Lists)'!$E$10,"") | G15: =IFERROR(LOG10(F15),"") | J15: =IFERROR(H15/I15,"")
F16: =IFERROR((H16*E16) / (D16*'列表与参数 (Lists)'!$E$8*'列表与参数 (Lists)'!$E$9) * '列表与参数 (Lists)'!$E$10,"") | G16: =IFERROR(LOG10(F16),"") | J16: =IFERROR(H16/I16,"")
F17: =IFERROR((H17*E17) / (D17*'列表与参数 (Lists)'!$E$8*'列表与参数 (Lists)'!$E$9) * '列表与参数 (Lists)'!$E$10,"") | G17: =IFERROR(LOG10(F17),"") | J17: =IFERROR(H17/I17,"")
F18: =IFERROR((H18*E18) / (D18*'列表与参数 (Lists)'!$E$8*'列表与参数 (Lists)'!$E$9) * '列表与参数 (Lists)'!$E$10,"") | G18: =IFERROR(LOG10(F18),"") | J18: =IFERROR(H18/I18,"")
F19: =IFERROR((H19*E19) / (D19*'列表与参数 (Lists)'!$E$8*'列表与参数 (Lists)'!$E$9) * '列表与参数 (Lists)'!$E$10,"") | G19: =IFERROR(LOG10(F19),"") | J19: =IFERROR(H19/I19,"")
F20: =IFERROR((H20*E20) / (D20*'列表与参数 (Lists)'!$E$8*'列表与参数 (Lists)'!$E$9) * '列表与参数 (Lists)'!$E$10,"") | G20: =IFERROR(LOG10(F20),"") | J20: =IFERROR(H20/I20,"")
F21: =IFERROR((H21*E21) / (D21*'列表与参数 (Lists)'!$E$8*'列表与参数 (Lists)'!$E$9) * '列表与参数 (Lists)'!$E$10,"") | G21: =IFERROR(LOG10(F21),"") | J21: =IFERROR(H21/I21,"")
F22: =IFERROR((H22*E22) / (D22*'列表与参数 (Lists)'!$E$8*'列表与参数 (Lists)'!$E$9) * '列表与参数 (Lists)'!$E$10,"") | G22: =IFERROR(LOG10(F22),"") | J22: =IFERROR(H22/I22,"")
... F106: =IFERROR((H106*E106) / (D106*'列表与参数 (Lists)'!$E$8*'列表与参数 (Lists)'!$E$9) * '列表与参数 (Lists)'!$E$10,"") | G106: =IFERROR(LOG10(F106),"") | J106: =IFERROR(H106/I106,"")

Sheet 分析图表 (Analysis Charts)
A1: 以下图表基于"数据记录"表的数据自动生成。添加新数据后，图表会自动更新。

Sheet Sheet1
B1: Contaminant | C1: Q (µL/min) | D1: S⁰ₙ | E1: Sⁿʳᵉˢ | F1: S_residual/S_initoa=V_resisual/V_initial | G1: ΔSₙ (%) | H1: Blobs₀ | I1: Blobsᵣₑₛ | J1: IFL₀ (px) | K1: IFLᵣₑₛ (px) | L1: t_trans (s)
B2: Dodecane | C2: 2 | D2: 0.944 | E2: 0.334 | F2: =E2/D2 -> 0.35381356 | G2: =D2-E2 -> 0.61 | H2: 15 | I2: 319 | J2: 59.2 | K2: 260.5 | L2: 727
B3: Dodecane | C3: 4 | D3: 0.959 | E3: 0.316 | F3: =E3/D3 -> 0.32950991 | G3: =D3-E3 -> 0.643 | H3: 9 | I3: 338 | J3: 56.1 | K3: 307.4 | L3: 760
B4: Dodecane | C4: 6 | D4: 0.961 | E4: 0.293 | F4: =E4/D4 -> 0.30489074 | G4: =D4-E4 -> 0.668 | H4: 11 | I4: 387 | J4: 41.3 | K4: 279.1 | L4: 779
B5: BD | C5: 2 | D5: 0.896 | E5: 0.354 | F5: =E5/D5 -> 0.39508929 | G5: =D5-E5 -> 0.542 | H5: 22 | I5: 198 | J5: 98.9 | K5: 257.2 | L5: 291
B6: BD | C6: 4 | D6: 0.934 | E6: 0.343 | F6: =E6/D6 -> 0.36723769 | G6: =D6-E6 -> 0.591 | H6: 16 | I6: 244 | J6: 79.3 | K6: 263.7 | L6: 900
B7: BD | C7: 6 | D7: 0.965 | E7: 0.268 | F7: =E7/D7 -> 0.27772021 | G7: =D7-E7 -> 0.697 | H7: 11 | I7: 265 | J7: 50.5 | K7: 281.4 | L7: 455
B8: BO | C8: 2 | D8: 0.95 | E8: 0.3 | F8: =E8/D8 -> 0.31578947 | G8: =D8-E8 -> 0.65 | H8: 15 | I8: 241 | J8: 52.2 | K8: 188.4 | L8: 882
B9: BO | C9: 4 | D9: 0.919 | E9: 0.224 | F9: =E9/D9 -> 0.2437432 | G9: =D9-E9 -> 0.695 | H9: 15 | I9: 245 | J9: 62.5 | K9: 195 | L9: 872
B10: BO | C10: 6 | D10: 0.933 | E10: 0.158 | F10: =E10/D10 -> 0.1693462 | G10: =D10-E10 -> 0.775 | H10: 11 | I10: 302 | J10: 65.9 | K10: 181.5 | L10: 696
B12: Dodecane | C12: 2 | D12: 0.944 | E12: 0.334 | F12: 0.35 | G12: 15 | H12: 319 | I12: 59.2 | J12: 260.5
B13: Dodecane | C13: 4 | D13: 0.959 | E13: 0.316 | F13: 0.33 | G13: 9 | H13: 338 | I13: 56.1 | J13: 307.4
B14: Dodecane | C14: 6 | D14: 0.961 | E14: 0.293 | F14: 0.3 | G14: 11 | H14: 387 | I14: 41.3 | J14: 279.1
B15: BD | C15: 2 | D15: 0.896 | E15: 0.354 | F15: 0.4 | G15: 22 | H15: 198 | I15: 98.9 | J15: 257.2
B16: BD | C16: 4 | D16: 0.934 | E16: 0.343 | F16: 0.37 | G16: 16 | H16: 244 | I16: 79.3 | J16: 263.7
B17: BD | C17: 6 | D17: 0.965 | E17: 0.268 | F17: 0.28 | G17: 11 | H17: 265 | I17: 50.5 | J17: 281.4
B18: BO | C18: 2 | D18: 0.95 | E18: 0.3 | F18: 0.32 | G18: 15 | H18: 241 | I18: 52.2 | J18: 188.4
B19: BO | C19: 4 | D19: 0.919 | E19: 0.224 | F19: 0.24 | G19: 15 | H19: 245 | I19: 62.5 | J19: 195
B20: BO | C20: 6 | D20: 0.933 | E20: 0.158 | F20: 0.17 | G20: 11 | H20: 302 | I20: 65.9 | J20: 181.5
